<?xml version="1.0"?>
<opencv_storage>
<opencv_ml_boost>
  <is_classifier>1</is_classifier>
  <var_all>19</var_all>
  <var_count>18</var_count>
  <ord_var_count>18</ord_var_count>
  <cat_var_count>1</cat_var_count>
  <training_params>
    <boosting_type>RealAdaboost</boosting_type>
    <use_surrogates>0</use_surrogates>
    <max_categories>10</max_categories>
    <regression_accuracy>9.9999997764825821e-03</regression_accuracy>
    <max_depth>1</max_depth>
    <min_sample_count>10</min_sample_count>
    <cross_validation_folds>0</cross_validation_folds>
    <weight_trimming_rate>0.</weight_trimming_rate></training_params>
  <var_idx>
    0 1 2 3 4 5 6 7 8 9 10 11 12 13 14 15 16 17</var_idx>
  <var_type>
    0 0 0 0 0 0 0 0 0 0 0 0 0 0 0 0 0 0 1</var_type>
  <cat_ofs>
    0 0 0 0 0 0 0 0 0 0 0 0 0 0 0 0 0 0 0 0 0 0 0 0 0 0 0 0 0 0 0 0 0 0
    0 0</cat_ofs>
  <class_labels>
    1 2</class_labels>
  <missing_subst>
    0. 0. 0. 0. 0. 0. 0. 0. 0. 0. 0. 0. 0. 0. 0. 0. 0. 0. 0.</missing_subst>
  <ntrees>100</ntrees>
  <trees>
    <_>
      <nodes>
        <_>
          <depth>0</depth>
          <value>-2.8823347549822780e-02</value>
          <splits>
            <_><var>7</var>
              <quality>4.8816260695457458e-01</quality>
              <le>1.5156250000000000e+02</le></_></splits></_>
        <_>
          <depth>1</depth>
          <value>9.5852938424486256e-01</value></_>
        <_>
          <depth>1</depth>
          <value>-7.9231566661789432e-01</value></_></nodes></_>
    <_>
      <nodes>
        <_>
          <depth>0</depth>
          <value>-1.4723048552819804e-08</value>
          <splits>
            <_><var>9</var>
              <quality>3.2034194469451904e-01</quality>
              <le>1.1116049289703369e+00</le></_></splits></_>
        <_>
          <depth>1</depth>
          <value>-3.8347504305144864e-01</value></_>
        <_>
          <depth>1</depth>
          <value>1.3579540418896954e+00</value></_></nodes></_>
    <_>
      <nodes>
        <_>
          <depth>0</depth>
          <value>-3.3088877858375407e-09</value>
          <splits>
            <_><var>10</var>
              <quality>2.5106489658355713e-01</quality>
              <le>1.9081199169158936e+00</le></_></splits></_>
        <_>
          <depth>1</depth>
          <value>-5.1810887439184761e-01</value></_>
        <_>
          <depth>1</depth>
          <value>5.8623508005063940e-01</value></_></nodes></_>
    <_>
      <nodes>
        <_>
          <depth>0</depth>
          <value>-2.7912977764479097e-08</value>
          <splits>
            <_><var>0</var>
              <quality>2.1426872909069061e-01</quality>
              <le>4.5000000000000000e+00</le></_></splits></_>
        <_>
          <depth>1</depth>
          <value>6.0310412233834643e-01</value></_>
        <_>
          <depth>1</depth>
          <value>-4.2048906433992472e-01</value></_></nodes></_>
    <_>
      <nodes>
        <_>
          <depth>0</depth>
          <value>8.1959739434090400e-09</value>
          <splits>
            <_><var>2</var>
              <quality>2.0317944884300232e-01</quality>
              <le>1.4981499314308167e-01</le></_></splits></_>
        <_>
          <depth>1</depth>
          <value>-3.4921510471312878e-01</value></_>
        <_>
          <depth>1</depth>
          <value>7.0143602555396378e-01</value></_></nodes></_>
    <_>
      <nodes>
        <_>
          <depth>0</depth>
          <value>-1.5329697135767300e-08</value>
          <splits>
            <_><var>16</var>
              <quality>1.8906964361667633e-01</quality>
              <le>2.8366649150848389e+00</le></_></splits></_>
        <_>
          <depth>1</depth>
          <value>-3.2477452446554300e-01</value></_>
        <_>
          <depth>1</depth>
          <value>6.9703512972515969e-01</value></_></nodes></_>
    <_>
      <nodes>
        <_>
          <depth>0</depth>
          <value>5.0378114759165741e-09</value>
          <splits>
            <_><var>15</var>
              <quality>1.1324216425418854e-01</quality>
              <le>5.7365052402019501e-02</le></_></splits></_>
        <_>
          <depth>1</depth>
          <value>1.1462129366689249e+00</value></_>
        <_>
          <depth>1</depth>
          <value>-1.3959261083977087e-01</value></_></nodes></_>
    <_>
      <nodes>
        <_>
          <depth>0</depth>
          <value>6.3977807086913406e-09</value>
          <splits>
            <_><var>3</var>
              <quality>1.3940824568271637e-01</quality>
              <le>3.1046199798583984e+00</le></_></splits></_>
        <_>
          <depth>1</depth>
          <value>-2.9661768500778890e-01</value></_>
        <_>
          <depth>1</depth>
          <value>5.2779856323014263e-01</value></_></nodes></_>
    <_>
      <nodes>
        <_>
          <depth>0</depth>
          <value>1.1630917316099104e-08</value>
          <splits>
            <_><var>12</var>
              <quality>9.4786636531352997e-02</quality>
              <le>5.7922201156616211e+00</le></_></splits></_>
        <_>
          <depth>1</depth>
          <value>-1.1792373727099656e-01</value></_>
        <_>
          <depth>1</depth>
          <value>1.1198547429261252e+00</value></_></nodes></_>
    <_>
      <nodes>
        <_>
          <depth>0</depth>
          <value>3.6707969862248819e-09</value>
          <splits>
            <_><var>1</var>
              <quality>7.6642014086246490e-02</quality>
              <le>3.2352751493453979e-01</le></_></splits></_>
        <_>
          <depth>1</depth>
          <value>-1.8064054159053999e-01</value></_>
        <_>
          <depth>1</depth>
          <value>4.5852835190268937e-01</value></_></nodes></_>
    <_>
      <nodes>
        <_>
          <depth>0</depth>
          <value>8.3056457687746396e-09</value>
          <splits>
            <_><var>0</var>
              <quality>1.0405185073614120e-01</quality>
              <le>3.5000000000000000e+00</le></_></splits></_>
        <_>
          <depth>1</depth>
          <value>5.4876108916157784e-01</value></_>
        <_>
          <depth>1</depth>
          <value>-2.1136643346791692e-01</value></_></nodes></_>
    <_>
      <nodes>
        <_>
          <depth>0</depth>
          <value>2.6404049987776190e-09</value>
          <splits>
            <_><var>14</var>
              <quality>7.5400397181510925e-02</quality>
              <le>1.1565999984741211e+00</le></_></splits></_>
        <_>
          <depth>1</depth>
          <value>6.3627539967519831e-01</value></_>
        <_>
          <depth>1</depth>
          <value>-1.3489118258460944e-01</value></_></nodes></_>
    <_>
      <nodes>
        <_>
          <depth>0</depth>
          <value>-2.1554012510188998e-09</value>
          <splits>
            <_><var>16</var>
              <quality>8.6083315312862396e-02</quality>
              <le>3.6124999523162842e+00</le></_></splits></_>
        <_>
          <depth>1</depth>
          <value>-1.1513567488334643e-01</value></_>
        <_>
          <depth>1</depth>
          <value>9.7517434879910114e-01</value></_></nodes></_>
    <_>
      <nodes>
        <_>
          <depth>0</depth>
          <value>3.4984082285500999e-10</value>
          <splits>
            <_><var>5</var>
              <quality>7.1190081536769867e-02</quality>
              <le>5.0062751770019531e+00</le></_></splits></_>
        <_>
          <depth>1</depth>
          <value>-2.5306604952222822e-01</value></_>
        <_>
          <depth>1</depth>
          <value>2.9561003456458618e-01</value></_></nodes></_>
    <_>
      <nodes>
        <_>
          <depth>0</depth>
          <value>4.5371666218073501e-09</value>
          <splits>
            <_><var>9</var>
              <quality>6.4555376768112183e-02</quality>
              <le>9.2506754398345947e-01</le></_></splits></_>
        <_>
          <depth>1</depth>
          <value>-2.1447439555568593e-01</value></_>
        <_>
          <depth>1</depth>
          <value>3.1567879231003476e-01</value></_></nodes></_>
    <_>
      <nodes>
        <_>
          <depth>0</depth>
          <value>-5.5333542498850486e-09</value>
          <splits>
            <_><var>13</var>
              <quality>6.5802723169326782e-02</quality>
              <le>1.0851450264453888e-01</le></_></splits></_>
        <_>
          <depth>1</depth>
          <value>-1.6020445906740072e-01</value></_>
        <_>
          <depth>1</depth>
          <value>4.4073094571707411e-01</value></_></nodes></_>
    <_>
      <nodes>
        <_>
          <depth>0</depth>
          <value>-6.3310021515298023e-09</value>
          <splits>
            <_><var>10</var>
              <quality>5.5292375385761261e-02</quality>
              <le>3.3902549743652344e+00</le></_></splits></_>
        <_>
          <depth>1</depth>
          <value>-8.5712177755229074e-02</value></_>
        <_>
          <depth>1</depth>
          <value>7.6955841562743432e-01</value></_></nodes></_>
    <_>
      <nodes>
        <_>
          <depth>0</depth>
          <value>3.2695957042218143e-10</value>
          <splits>
            <_><var>2</var>
              <quality>5.3853552788496017e-02</quality>
              <le>3.2766348123550415e-01</le></_></splits></_>
        <_>
          <depth>1</depth>
          <value>-5.8523783210178232e-02</value></_>
        <_>
          <depth>1</depth>
          <value>1.5972251265252455e+00</value></_></nodes></_>
    <_>
      <nodes>
        <_>
          <depth>0</depth>
          <value>-2.0982987574098268e-10</value>
          <splits>
            <_><var>0</var>
              <quality>4.9093417823314667e-02</quality>
              <le>9.5000000000000000e+00</le></_></splits></_>
        <_>
          <depth>1</depth>
          <value>9.9178359513378889e-02</value></_>
        <_>
          <depth>1</depth>
          <value>-5.4481390211257197e-01</value></_></nodes></_>
    <_>
      <nodes>
        <_>
          <depth>0</depth>
          <value>4.7837999998937081e-09</value>
          <splits>
            <_><var>7</var>
              <quality>4.0834750980138779e-02</quality>
              <le>1.3397900390625000e+02</le></_></splits></_>
        <_>
          <depth>1</depth>
          <value>3.5020873165100935e-01</value></_>
        <_>
          <depth>1</depth>
          <value>-1.2193021681564299e-01</value></_></nodes></_>
    <_>
      <nodes>
        <_>
          <depth>0</depth>
          <value>2.3480950462160646e-09</value>
          <splits>
            <_><var>9</var>
              <quality>3.8358934223651886e-02</quality>
              <le>1.2810549736022949e+00</le></_></splits></_>
        <_>
          <depth>1</depth>
          <value>-6.7510854702559658e-02</value></_>
        <_>
          <depth>1</depth>
          <value>6.4611981854121059e-01</value></_></nodes></_>
    <_>
      <nodes>
        <_>
          <depth>0</depth>
          <value>1.8810521993516750e-09</value>
          <splits>
            <_><var>10</var>
              <quality>3.8509719073772430e-02</quality>
              <le>1.3717499971389771e+00</le></_></splits></_>
        <_>
          <depth>1</depth>
          <value>-5.2854796922951564e-01</value></_>
        <_>
          <depth>1</depth>
          <value>7.9689372414143589e-02</value></_></nodes></_>
    <_>
      <nodes>
        <_>
          <depth>0</depth>
          <value>-6.5329376779855431e-09</value>
          <splits>
            <_><var>12</var>
              <quality>5.8970708400011063e-02</quality>
              <le>2.2269199788570404e-01</le></_></splits></_>
        <_>
          <depth>1</depth>
          <value>1.2067391926932793e+00</value></_>
        <_>
          <depth>1</depth>
          <value>-7.0682036049686647e-02</value></_></nodes></_>
    <_>
      <nodes>
        <_>
          <depth>0</depth>
          <value>-1.8153642511102465e-09</value>
          <splits>
            <_><var>4</var>
              <quality>3.0642507597804070e-02</quality>
              <le>8.9972400665283203e-01</le></_></splits></_>
        <_>
          <depth>1</depth>
          <value>6.1644925285726870e-01</value></_>
        <_>
          <depth>1</depth>
          <value>-5.5908824554318157e-02</value></_></nodes></_>
    <_>
      <nodes>
        <_>
          <depth>0</depth>
          <value>1.8953725220030252e-09</value>
          <splits>
            <_><var>13</var>
              <quality>2.8411488980054855e-02</quality>
              <le>2.7421051263809204e-01</le></_></splits></_>
        <_>
          <depth>1</depth>
          <value>-5.0092738130963911e-02</value></_>
        <_>
          <depth>1</depth>
          <value>6.4405185132179554e-01</value></_></nodes></_>
    <_>
      <nodes>
        <_>
          <depth>0</depth>
          <value>9.1666452198193017e-11</value>
          <splits>
            <_><var>9</var>
              <quality>3.4548193216323853e-02</quality>
              <le>8.1512796878814697e-01</le></_></splits></_>
        <_>
          <depth>1</depth>
          <value>-2.2465028004286916e-01</value></_>
        <_>
          <depth>1</depth>
          <value>1.5765839169860965e-01</value></_></nodes></_>
    <_>
      <nodes>
        <_>
          <depth>0</depth>
          <value>-4.3559543384425628e-09</value>
          <splits>
            <_><var>10</var>
              <quality>4.1992571204900742e-02</quality>
              <le>1.4603049755096436e+00</le></_></splits></_>
        <_>
          <depth>1</depth>
          <value>-4.4354847993659335e-01</value></_>
        <_>
          <depth>1</depth>
          <value>1.0114630851816699e-01</value></_></nodes></_>
    <_>
      <nodes>
        <_>
          <depth>0</depth>
          <value>-3.3445868964095834e-09</value>
          <splits>
            <_><var>3</var>
              <quality>3.3218044787645340e-02</quality>
              <le>7.3257851600646973e-01</le></_></splits></_>
        <_>
          <depth>1</depth>
          <value>-5.6237337924432063e-01</value></_>
        <_>
          <depth>1</depth>
          <value>6.5259606791886596e-02</value></_></nodes></_>
    <_>
      <nodes>
        <_>
          <depth>0</depth>
          <value>3.0662692291143767e-09</value>
          <splits>
            <_><var>11</var>
              <quality>3.3168230205774307e-02</quality>
              <le>1.5431950092315674e+00</le></_></splits></_>
        <_>
          <depth>1</depth>
          <value>7.3907928805001494e-02</value></_>
        <_>
          <depth>1</depth>
          <value>-4.8419198506381061e-01</value></_></nodes></_>
    <_>
      <nodes>
        <_>
          <depth>0</depth>
          <value>1.7096468655967064e-09</value>
          <splits>
            <_><var>10</var>
              <quality>2.8989277780056000e-02</quality>
              <le>3.1614398956298828e+00</le></_></splits></_>
        <_>
          <depth>1</depth>
          <value>-5.9944377521314179e-02</value></_>
        <_>
          <depth>1</depth>
          <value>5.2843261271341602e-01</value></_></nodes></_>
    <_>
      <nodes>
        <_>
          <depth>0</depth>
          <value>-5.6218629783075303e-10</value>
          <splits>
            <_><var>15</var>
              <quality>2.7647281065583229e-02</quality>
              <le>4.1626849770545959e-01</le></_></splits></_>
        <_>
          <depth>1</depth>
          <value>-7.4322162371890460e-02</value></_>
        <_>
          <depth>1</depth>
          <value>3.9152841872827865e-01</value></_></nodes></_>
    <_>
      <nodes>
        <_>
          <depth>0</depth>
          <value>3.6542546764991817e-11</value>
          <splits>
            <_><var>12</var>
              <quality>3.5871308296918869e-02</quality>
              <le>1.0039899349212646e+00</le></_></splits></_>
        <_>
          <depth>1</depth>
          <value>2.1409985960112826e-01</value></_>
        <_>
          <depth>1</depth>
          <value>-1.7176653737637257e-01</value></_></nodes></_>
    <_>
      <nodes>
        <_>
          <depth>0</depth>
          <value>7.5996919810504416e-10</value>
          <splits>
            <_><var>11</var>
              <quality>2.2637423127889633e-02</quality>
              <le>4.2877799272537231e-01</le></_></splits></_>
        <_>
          <depth>1</depth>
          <value>-1.5888954997023119e-01</value></_>
        <_>
          <depth>1</depth>
          <value>1.4467056104210593e-01</value></_></nodes></_>
    <_>
      <nodes>
        <_>
          <depth>0</depth>
          <value>-1.3745113954818517e-09</value>
          <splits>
            <_><var>0</var>
              <quality>3.6394421011209488e-02</quality>
              <le>3.5000000000000000e+00</le></_></splits></_>
        <_>
          <depth>1</depth>
          <value>2.8848286678608898e-01</value></_>
        <_>
          <depth>1</depth>
          <value>-1.3037210954203521e-01</value></_></nodes></_>
    <_>
      <nodes>
        <_>
          <depth>0</depth>
          <value>-4.1603760054690540e-09</value>
          <splits>
            <_><var>16</var>
              <quality>2.2695567458868027e-02</quality>
              <le>5.0178546905517578e+00</le></_></splits></_>
        <_>
          <depth>1</depth>
          <value>-2.2699470107536507e-02</value></_>
        <_>
          <depth>1</depth>
          <value>5.7564577324623896e+00</value></_></nodes></_>
    <_>
      <nodes>
        <_>
          <depth>0</depth>
          <value>7.1782971930670655e-05</value>
          <splits>
            <_><var>2</var>
              <quality>2.2982524707913399e-02</quality>
              <le>3.8300549983978271e-01</le></_></splits></_>
        <_>
          <depth>1</depth>
          <value>-2.4529959202783180e-02</value></_>
        <_>
          <depth>1</depth>
          <value>1.6923130347265176e+00</value></_></nodes></_>
    <_>
      <nodes>
        <_>
          <depth>0</depth>
          <value>4.2146242034136150e-10</value>
          <splits>
            <_><var>15</var>
              <quality>2.2890165448188782e-02</quality>
              <le>2.7112599462270737e-02</le></_></splits></_>
        <_>
          <depth>1</depth>
          <value>1.4095521938190767e+00</value></_>
        <_>
          <depth>1</depth>
          <value>-2.5800394621027446e-02</value></_></nodes></_>
    <_>
      <nodes>
        <_>
          <depth>0</depth>
          <value>-1.0175060249168277e-09</value>
          <splits>
            <_><var>1</var>
              <quality>2.5228010490536690e-02</quality>
              <le>1.6785049811005592e-02</le></_></splits></_>
        <_>
          <depth>1</depth>
          <value>-7.1920268427297895e-01</value></_>
        <_>
          <depth>1</depth>
          <value>4.0949849441039632e-02</value></_></nodes></_>
    <_>
      <nodes>
        <_>
          <depth>0</depth>
          <value>-1.0956828789613716e-09</value>
          <splits>
            <_><var>10</var>
              <quality>2.0883765071630478e-02</quality>
              <le>2.1182651519775391e+00</le></_></splits></_>
        <_>
          <depth>1</depth>
          <value>-1.0779944573618433e-01</value></_>
        <_>
          <depth>1</depth>
          <value>1.9698678836062578e-01</value></_></nodes></_>
    <_>
      <nodes>
        <_>
          <depth>0</depth>
          <value>-6.4245137029380234e-10</value>
          <splits>
            <_><var>9</var>
              <quality>2.4691918864846230e-02</quality>
              <le>8.1512796878814697e-01</le></_></splits></_>
        <_>
          <depth>1</depth>
          <value>-1.8915981941360160e-01</value></_>
        <_>
          <depth>1</depth>
          <value>1.3286422906971182e-01</value></_></nodes></_>
    <_>
      <nodes>
        <_>
          <depth>0</depth>
          <value>6.6826252973230159e-09</value>
          <splits>
            <_><var>3</var>
              <quality>1.9750269129872322e-02</quality>
              <le>2.2950050830841064e+00</le></_></splits></_>
        <_>
          <depth>1</depth>
          <value>-1.3368684001784159e-01</value></_>
        <_>
          <depth>1</depth>
          <value>1.4972324513648852e-01</value></_></nodes></_>
    <_>
      <nodes>
        <_>
          <depth>0</depth>
          <value>-4.6132320207413802e-10</value>
          <splits>
            <_><var>0</var>
              <quality>2.5894144549965858e-02</quality>
              <le>5.5000000000000000e+00</le></_></splits></_>
        <_>
          <depth>1</depth>
          <value>1.3660702032980263e-01</value></_>
        <_>
          <depth>1</depth>
          <value>-1.9309432367095478e-01</value></_></nodes></_>
    <_>
      <nodes>
        <_>
          <depth>0</depth>
          <value>1.3616192599320108e-09</value>
          <splits>
            <_><var>14</var>
              <quality>2.1094126626849174e-02</quality>
              <le>2.3270049095153809e+00</le></_></splits></_>
        <_>
          <depth>1</depth>
          <value>-3.1972714850552475e-02</value></_>
        <_>
          <depth>1</depth>
          <value>7.9277599182597192e-01</value></_></nodes></_>
    <_>
      <nodes>
        <_>
          <depth>0</depth>
          <value>-9.3001245680019281e-10</value>
          <splits>
            <_><var>14</var>
              <quality>2.0734826102852821e-02</quality>
              <le>1.3805400133132935e+00</le></_></splits></_>
        <_>
          <depth>1</depth>
          <value>1.4218822090129607e-01</value></_>
        <_>
          <depth>1</depth>
          <value>-1.4787658341538612e-01</value></_></nodes></_>
    <_>
      <nodes>
        <_>
          <depth>0</depth>
          <value>3.3070577278295306e-09</value>
          <splits>
            <_><var>15</var>
              <quality>2.0788233727216721e-02</quality>
              <le>5.6622847914695740e-02</le></_></splits></_>
        <_>
          <depth>1</depth>
          <value>-4.4283545601390728e-01</value></_>
        <_>
          <depth>1</depth>
          <value>5.0014340387545729e-02</value></_></nodes></_>
    <_>
      <nodes>
        <_>
          <depth>0</depth>
          <value>3.2558689067543062e-10</value>
          <splits>
            <_><var>5</var>
              <quality>1.5783300623297691e-02</quality>
              <le>4.6653900146484375e+00</le></_></splits></_>
        <_>
          <depth>1</depth>
          <value>-1.2225159194610365e-01</value></_>
        <_>
          <depth>1</depth>
          <value>1.3048313668650482e-01</value></_></nodes></_>
    <_>
      <nodes>
        <_>
          <depth>0</depth>
          <value>8.6016416137987631e-10</value>
          <splits>
            <_><var>15</var>
              <quality>2.0612725988030434e-02</quality>
              <le>1.0362400114536285e-01</le></_></splits></_>
        <_>
          <depth>1</depth>
          <value>2.7206840692986423e-01</value></_>
        <_>
          <depth>1</depth>
          <value>-7.7779691374679508e-02</value></_></nodes></_>
    <_>
      <nodes>
        <_>
          <depth>0</depth>
          <value>-3.5985263232160837e-09</value>
          <splits>
            <_><var>15</var>
              <quality>1.5996800735592842e-02</quality>
              <le>2.1536649763584137e-01</le></_></splits></_>
        <_>
          <depth>1</depth>
          <value>-1.2306728496590186e-01</value></_>
        <_>
          <depth>1</depth>
          <value>1.3139064793529714e-01</value></_></nodes></_>
    <_>
      <nodes>
        <_>
          <depth>0</depth>
          <value>-5.7183835477318488e-10</value>
          <splits>
            <_><var>11</var>
              <quality>1.5085080638527870e-02</quality>
              <le>2.9946050643920898e+00</le></_></splits></_>
        <_>
          <depth>1</depth>
          <value>2.2779883346407927e-02</value></_>
        <_>
          <depth>1</depth>
          <value>-7.9694458022273129e-01</value></_></nodes></_>
    <_>
      <nodes>
        <_>
          <depth>0</depth>
          <value>-1.0013296313261718e-09</value>
          <splits>
            <_><var>10</var>
              <quality>1.8903821706771851e-02</quality>
              <le>4.4384350776672363e+00</le></_></splits></_>
        <_>
          <depth>1</depth>
          <value>-2.6317760518133716e-02</value></_>
        <_>
          <depth>1</depth>
          <value>9.0444896866952884e-01</value></_></nodes></_>
    <_>
      <nodes>
        <_>
          <depth>0</depth>
          <value>-5.9757043793422337e-10</value>
          <splits>
            <_><var>8</var>
              <quality>1.5874205157160759e-02</quality>
              <le>4.6244502067565918e-01</le></_></splits></_>
        <_>
          <depth>1</depth>
          <value>4.8391891762358558e-02</value></_>
        <_>
          <depth>1</depth>
          <value>-3.4091094077328282e-01</value></_></nodes></_>
    <_>
      <nodes>
        <_>
          <depth>0</depth>
          <value>-1.4584831141872668e-09</value>
          <splits>
            <_><var>7</var>
              <quality>1.7263280227780342e-02</quality>
              <le>1.3397900390625000e+02</le></_></splits></_>
        <_>
          <depth>1</depth>
          <value>2.3474950572980627e-01</value></_>
        <_>
          <depth>1</depth>
          <value>-7.5025522695632715e-02</value></_></nodes></_>
    <_>
      <nodes>
        <_>
          <depth>0</depth>
          <value>-2.3620102041213003e-09</value>
          <splits>
            <_><var>16</var>
              <quality>1.8184410408139229e-02</quality>
              <le>4.0199999809265137e+00</le></_></splits></_>
        <_>
          <depth>1</depth>
          <value>-3.5752776719597881e-02</value></_>
        <_>
          <depth>1</depth>
          <value>5.6115252488000600e-01</value></_></nodes></_>
    <_>
      <nodes>
        <_>
          <depth>0</depth>
          <value>6.7819061431797569e-10</value>
          <splits>
            <_><var>17</var>
              <quality>1.9639957696199417e-02</quality>
              <le>1.0735299587249756e+00</le></_></splits></_>
        <_>
          <depth>1</depth>
          <value>1.5069535013932525e-01</value></_>
        <_>
          <depth>1</depth>
          <value>-1.3207662463780723e-01</value></_></nodes></_>
    <_>
      <nodes>
        <_>
          <depth>0</depth>
          <value>-3.5938228078272788e-09</value>
          <splits>
            <_><var>1</var>
              <quality>2.3835143074393272e-02</quality>
              <le>5.0061899423599243e-01</le></_></splits></_>
        <_>
          <depth>1</depth>
          <value>-5.1927128251139591e-02</value></_>
        <_>
          <depth>1</depth>
          <value>4.9658083509362694e-01</value></_></nodes></_>
    <_>
      <nodes>
        <_>
          <depth>0</depth>
          <value>-1.5586509884848471e-09</value>
          <splits>
            <_><var>17</var>
              <quality>1.7734043300151825e-02</quality>
              <le>2.5986149311065674e+00</le></_></splits></_>
        <_>
          <depth>1</depth>
          <value>2.0510539279733443e-02</value></_>
        <_>
          <depth>1</depth>
          <value>-1.3118863908953062e+00</value></_></nodes></_>
    <_>
      <nodes>
        <_>
          <depth>0</depth>
          <value>3.2662539329198763e-10</value>
          <splits>
            <_><var>10</var>
              <quality>1.8199019134044647e-02</quality>
              <le>2.3787651062011719e+00</le></_></splits></_>
        <_>
          <depth>1</depth>
          <value>-7.6479623825333173e-02</value></_>
        <_>
          <depth>1</depth>
          <value>2.4310120031814744e-01</value></_></nodes></_>
    <_>
      <nodes>
        <_>
          <depth>0</depth>
          <value>-5.9445004509749228e-10</value>
          <splits>
            <_><var>9</var>
              <quality>1.7980828881263733e-02</quality>
              <le>1.6166599988937378e+00</le></_></splits></_>
        <_>
          <depth>1</depth>
          <value>-2.9991020650841280e-02</value></_>
        <_>
          <depth>1</depth>
          <value>6.9271009243575365e-01</value></_></nodes></_>
    <_>
      <nodes>
        <_>
          <depth>0</depth>
          <value>3.4809510817230778e-10</value>
          <splits>
            <_><var>5</var>
              <quality>1.9443273544311523e-02</quality>
              <le>2.5099948883056641e+01</le></_></splits></_>
        <_>
          <depth>1</depth>
          <value>2.0546049906274757e-02</value></_>
        <_>
          <depth>1</depth>
          <value>-1.7966671553145046e+00</value></_></nodes></_>
    <_>
      <nodes>
        <_>
          <depth>0</depth>
          <value>-1.2221101923174086e-09</value>
          <splits>
            <_><var>11</var>
              <quality>1.6430649906396866e-02</quality>
              <le>1.5431950092315674e+00</le></_></splits></_>
        <_>
          <depth>1</depth>
          <value>4.7960745418092490e-02</value></_>
        <_>
          <depth>1</depth>
          <value>-3.5731634483262648e-01</value></_></nodes></_>
    <_>
      <nodes>
        <_>
          <depth>0</depth>
          <value>-1.4108838561821179e-09</value>
          <splits>
            <_><var>11</var>
              <quality>1.5143590979278088e-02</quality>
              <le>4.1237750649452209e-01</le></_></splits></_>
        <_>
          <depth>1</depth>
          <value>-1.3554645191916848e-01</value></_>
        <_>
          <depth>1</depth>
          <value>1.1288293981899215e-01</value></_></nodes></_>
    <_>
      <nodes>
        <_>
          <depth>0</depth>
          <value>-3.9272643069711764e-09</value>
          <splits>
            <_><var>11</var>
              <quality>1.8272088840603828e-02</quality>
              <le>1.1841949820518494e-01</le></_></splits></_>
        <_>
          <depth>1</depth>
          <value>3.6549203127154017e-01</value></_>
        <_>
          <depth>1</depth>
          <value>-5.2247144052006401e-02</value></_></nodes></_>
    <_>
      <nodes>
        <_>
          <depth>0</depth>
          <value>-1.5909434350811636e-09</value>
          <splits>
            <_><var>2</var>
              <quality>1.8559947609901428e-02</quality>
              <le>9.2929549515247345e-02</le></_></splits></_>
        <_>
          <depth>1</depth>
          <value>-2.0142023313826585e-01</value></_>
        <_>
          <depth>1</depth>
          <value>9.3661080572252614e-02</value></_></nodes></_>
    <_>
      <nodes>
        <_>
          <depth>0</depth>
          <value>2.0700161541991558e-09</value>
          <splits>
            <_><var>10</var>
              <quality>1.2992913834750652e-02</quality>
              <le>1.2655500173568726e+00</le></_></splits></_>
        <_>
          <depth>1</depth>
          <value>-5.3943527907340083e-01</value></_>
        <_>
          <depth>1</depth>
          <value>2.6384440648856651e-02</value></_></nodes></_>
    <_>
      <nodes>
        <_>
          <depth>0</depth>
          <value>-1.0272556704721141e-09</value>
          <splits>
            <_><var>13</var>
              <quality>1.3425476849079132e-02</quality>
              <le>6.5566999837756157e-03</le></_></splits></_>
        <_>
          <depth>1</depth>
          <value>1.2733169758025284e-01</value></_>
        <_>
          <depth>1</depth>
          <value>-1.0640602273262169e-01</value></_></nodes></_>
    <_>
      <nodes>
        <_>
          <depth>0</depth>
          <value>-1.3199312216208301e-09</value>
          <splits>
            <_><var>8</var>
              <quality>1.5118186362087727e-02</quality>
              <le>3.7694847583770752e-01</le></_></splits></_>
        <_>
          <depth>1</depth>
          <value>-6.2689196627599017e-02</value></_>
        <_>
          <depth>1</depth>
          <value>2.4634175673220524e-01</value></_></nodes></_>
    <_>
      <nodes>
        <_>
          <depth>0</depth>
          <value>4.0785501476313768e-09</value>
          <splits>
            <_><var>12</var>
              <quality>1.4721268787980080e-02</quality>
              <le>4.3307501077651978e-01</le></_></splits></_>
        <_>
          <depth>1</depth>
          <value>2.9236328089357794e-01</value></_>
        <_>
          <depth>1</depth>
          <value>-5.1825549238700828e-02</value></_></nodes></_>
    <_>
      <nodes>
        <_>
          <depth>0</depth>
          <value>-5.7985327684178952e-10</value>
          <splits>
            <_><var>8</var>
              <quality>1.1713911779224873e-02</quality>
              <le>2.9121399857103825e-03</le></_></splits></_>
        <_>
          <depth>1</depth>
          <value>9.6903382793561932e-01</value></_>
        <_>
          <depth>1</depth>
          <value>-1.5655741332086179e-02</value></_></nodes></_>
    <_>
      <nodes>
        <_>
          <depth>0</depth>
          <value>-3.6175512598587898e-10</value>
          <splits>
            <_><var>8</var>
              <quality>2.1353352814912796e-02</quality>
              <le>3.4466750919818878e-02</le></_></splits></_>
        <_>
          <depth>1</depth>
          <value>-5.3216929255799039e-01</value></_>
        <_>
          <depth>1</depth>
          <value>4.3871464224305191e-02</value></_></nodes></_>
    <_>
      <nodes>
        <_>
          <depth>0</depth>
          <value>-2.4498603761257731e-09</value>
          <splits>
            <_><var>8</var>
              <quality>1.3157124631106853e-02</quality>
              <le>1.3569149374961853e-01</le></_></splits></_>
        <_>
          <depth>1</depth>
          <value>1.6853956281901614e-01</value></_>
        <_>
          <depth>1</depth>
          <value>-7.8967000166397475e-02</value></_></nodes></_>
    <_>
      <nodes>
        <_>
          <depth>0</depth>
          <value>-3.6719626918476477e-09</value>
          <splits>
            <_><var>1</var>
              <quality>1.4131129719316959e-02</quality>
              <le>1.9501850008964539e-01</le></_></splits></_>
        <_>
          <depth>1</depth>
          <value>-1.3063144869105570e-01</value></_>
        <_>
          <depth>1</depth>
          <value>1.0922244489030698e-01</value></_></nodes></_>
    <_>
      <nodes>
        <_>
          <depth>0</depth>
          <value>7.7960793315740324e-10</value>
          <splits>
            <_><var>6</var>
              <quality>1.5546651557087898e-02</quality>
              <le>1.2856050491333008e+01</le></_></splits></_>
        <_>
          <depth>1</depth>
          <value>1.0258295192882162e-01</value></_>
        <_>
          <depth>1</depth>
          <value>-1.5327230852108120e-01</value></_></nodes></_>
    <_>
      <nodes>
        <_>
          <depth>0</depth>
          <value>1.7745256343944926e-09</value>
          <splits>
            <_><var>7</var>
              <quality>1.4185507781803608e-02</quality>
              <le>1.1564599609375000e+02</le></_></splits></_>
        <_>
          <depth>1</depth>
          <value>4.6405445870813006e-01</value></_>
        <_>
          <depth>1</depth>
          <value>-3.2743734862931605e-02</value></_></nodes></_>
    <_>
      <nodes>
        <_>
          <depth>0</depth>
          <value>-1.8117842814432064e-09</value>
          <splits>
            <_><var>15</var>
              <quality>1.2999808415770531e-02</quality>
              <le>4.1626849770545959e-01</le></_></splits></_>
        <_>
          <depth>1</depth>
          <value>-4.9281487037010095e-02</value></_>
        <_>
          <depth>1</depth>
          <value>2.7040364247443344e-01</value></_></nodes></_>
    <_>
      <nodes>
        <_>
          <depth>0</depth>
          <value>-3.0701818404146327e-09</value>
          <splits>
            <_><var>12</var>
              <quality>1.2464245781302452e-02</quality>
              <le>1.0533100366592407e-01</le></_></splits></_>
        <_>
          <depth>1</depth>
          <value>5.7564577324623896e+00</value></_>
        <_>
          <depth>1</depth>
          <value>-1.2464894379009559e-02</value></_></nodes></_>
    <_>
      <nodes>
        <_>
          <depth>0</depth>
          <value>3.9416711227404699e-05</value>
          <splits>
            <_><var>10</var>
              <quality>1.1864533647894859e-02</quality>
              <le>1.3629150390625000e+00</le></_></splits></_>
        <_>
          <depth>1</depth>
          <value>-3.1639429751071046e-01</value></_>
        <_>
          <depth>1</depth>
          <value>3.8796099395380541e-02</value></_></nodes></_>
    <_>
      <nodes>
        <_>
          <depth>0</depth>
          <value>-1.0337131161747014e-09</value>
          <splits>
            <_><var>2</var>
              <quality>1.1632213369011879e-02</quality>
              <le>2.3588299751281738e-01</le></_></splits></_>
        <_>
          <depth>1</depth>
          <value>-4.2594209575533386e-02</value></_>
        <_>
          <depth>1</depth>
          <value>2.8038234795406519e-01</value></_></nodes></_>
    <_>
      <nodes>
        <_>
          <depth>0</depth>
          <value>1.4373298086613887e-09</value>
          <splits>
            <_><var>16</var>
              <quality>1.3761561363935471e-02</quality>
              <le>4.9772748947143555e+00</le></_></splits></_>
        <_>
          <depth>1</depth>
          <value>2.2649190720383801e-02</value></_>
        <_>
          <depth>1</depth>
          <value>-7.0526664029406683e-01</value></_></nodes></_>
    <_>
      <nodes>
        <_>
          <depth>0</depth>
          <value>-1.7414247824567006e-10</value>
          <splits>
            <_><var>16</var>
              <quality>1.5990806743502617e-02</quality>
              <le>4.0199999809265137e+00</le></_></splits></_>
        <_>
          <depth>1</depth>
          <value>-3.2732367643514351e-02</value></_>
        <_>
          <depth>1</depth>
          <value>5.3435944845276739e-01</value></_></nodes></_>
    <_>
      <nodes>
        <_>
          <depth>0</depth>
          <value>-4.8840659318522953e-10</value>
          <splits>
            <_><var>10</var>
              <quality>1.0923823341727257e-02</quality>
              <le>1.0774350166320801e+00</le></_></splits></_>
        <_>
          <depth>1</depth>
          <value>1.2395253442768603e+00</value></_>
        <_>
          <depth>1</depth>
          <value>-1.2923425428577296e-02</value></_></nodes></_>
    <_>
      <nodes>
        <_>
          <depth>0</depth>
          <value>-1.5041651260136890e-10</value>
          <splits>
            <_><var>12</var>
              <quality>1.1229743249714375e-02</quality>
              <le>2.1647750854492188e+01</le></_></splits></_>
        <_>
          <depth>1</depth>
          <value>-1.9807572460994474e-02</value></_>
        <_>
          <depth>1</depth>
          <value>6.4311392063633521e-01</value></_></nodes></_>
    <_>
      <nodes>
        <_>
          <depth>0</depth>
          <value>-6.2484240043366311e-10</value>
          <splits>
            <_><var>7</var>
              <quality>1.0979454964399338e-02</quality>
              <le>1.7202951049804688e+02</le></_></splits></_>
        <_>
          <depth>1</depth>
          <value>7.0814916096562916e-02</value></_>
        <_>
          <depth>1</depth>
          <value>-1.5657044736849296e-01</value></_></nodes></_>
    <_>
      <nodes>
        <_>
          <depth>0</depth>
          <value>1.4083338919651613e-09</value>
          <splits>
            <_><var>0</var>
              <quality>1.4128574170172215e-02</quality>
              <le>3.5000000000000000e+00</le></_></splits></_>
        <_>
          <depth>1</depth>
          <value>1.6314996551548908e-01</value></_>
        <_>
          <depth>1</depth>
          <value>-8.7588998105485538e-02</value></_></nodes></_>
    <_>
      <nodes>
        <_>
          <depth>0</depth>
          <value>-2.3628877244041102e-09</value>
          <splits>
            <_><var>3</var>
              <quality>1.4031294733285904e-02</quality>
              <le>3.9659600257873535e+00</le></_></splits></_>
        <_>
          <depth>1</depth>
          <value>-6.4802749473982346e-02</value></_>
        <_>
          <depth>1</depth>
          <value>2.2032326409575675e-01</value></_></nodes></_>
    <_>
      <nodes>
        <_>
          <depth>0</depth>
          <value>1.0249701077366518e-09</value>
          <splits>
            <_><var>3</var>
              <quality>1.1192265897989273e-02</quality>
              <le>1.3686499595642090e+00</le></_></splits></_>
        <_>
          <depth>1</depth>
          <value>1.9438873771494214e-01</value></_>
        <_>
          <depth>1</depth>
          <value>-5.8366301502771022e-02</value></_></nodes></_>
    <_>
      <nodes>
        <_>
          <depth>0</depth>
          <value>1.9332704288927174e-09</value>
          <splits>
            <_><var>5</var>
              <quality>1.5542683191597462e-02</quality>
              <le>1.3659949302673340e+00</le></_></splits></_>
        <_>
          <depth>1</depth>
          <value>-3.3074068033926662e-01</value></_>
        <_>
          <depth>1</depth>
          <value>4.8733272366429867e-02</value></_></nodes></_>
    <_>
      <nodes>
        <_>
          <depth>0</depth>
          <value>1.8693089263750464e-09</value>
          <splits>
            <_><var>2</var>
              <quality>1.1241153813898563e-02</quality>
              <le>2.2494249045848846e-02</le></_></splits></_>
        <_>
          <depth>1</depth>
          <value>7.3082265394764845e-01</value></_>
        <_>
          <depth>1</depth>
          <value>-1.8029089641702613e-02</value></_></nodes></_>
    <_>
      <nodes>
        <_>
          <depth>0</depth>
          <value>-2.6142249483113916e-10</value>
          <splits>
            <_><var>13</var>
              <quality>1.0844192467629910e-02</quality>
              <le>6.1245751380920410e-01</le></_></splits></_>
        <_>
          <depth>1</depth>
          <value>-1.5411725200105643e-02</value></_>
        <_>
          <depth>1</depth>
          <value>8.7456949929318328e-01</value></_></nodes></_>
    <_>
      <nodes>
        <_>
          <depth>0</depth>
          <value>4.2890380117988620e-10</value>
          <splits>
            <_><var>8</var>
              <quality>1.0556188412010670e-02</quality>
              <le>4.6244502067565918e-01</le></_></splits></_>
        <_>
          <depth>1</depth>
          <value>3.8384545536937910e-02</value></_>
        <_>
          <depth>1</depth>
          <value>-2.8242335679893882e-01</value></_></nodes></_>
    <_>
      <nodes>
        <_>
          <depth>0</depth>
          <value>-1.1820216486252018e-09</value>
          <splits>
            <_><var>9</var>
              <quality>1.1500677093863487e-02</quality>
              <le>2.8621249198913574e+00</le></_></splits></_>
        <_>
          <depth>1</depth>
          <value>-1.1501185584546950e-02</value></_>
        <_>
          <depth>1</depth>
          <value>5.7564577324623896e+00</value></_></nodes></_>
    <_>
      <nodes>
        <_>
          <depth>0</depth>
          <value>3.6369608138991757e-05</value>
          <splits>
            <_><var>3</var>
              <quality>9.9698649719357491e-03</quality>
              <le>4.2501249909400940e-01</le></_></splits></_>
        <_>
          <depth>1</depth>
          <value>-5.7449917686908580e-01</value></_>
        <_>
          <depth>1</depth>
          <value>1.9259905796168500e-02</value></_></nodes></_>
    <_>
      <nodes>
        <_>
          <depth>0</depth>
          <value>7.4154371477142623e-10</value>
          <splits>
            <_><var>3</var>
              <quality>1.4777856878936291e-02</quality>
              <le>1.4188951253890991e-01</le></_></splits></_>
        <_>
          <depth>1</depth>
          <value>2.2701704564695522e+00</value></_>
        <_>
          <depth>1</depth>
          <value>-1.5097756730695090e-02</value></_></nodes></_>
    <_>
      <nodes>
        <_>
          <depth>0</depth>
          <value>1.5862822164406960e-10</value>
          <splits>
            <_><var>16</var>
              <quality>1.2459959834814072e-02</quality>
              <le>2.3245599269866943e+00</le></_></splits></_>
        <_>
          <depth>1</depth>
          <value>-1.3212921521887380e-01</value></_>
        <_>
          <depth>1</depth>
          <value>9.5135442870351056e-02</value></_></nodes></_>
    <_>
      <nodes>
        <_>
          <depth>0</depth>
          <value>2.8764512910977796e-09</value>
          <splits>
            <_><var>12</var>
              <quality>1.3722589239478111e-02</quality>
              <le>1.3522750139236450e+00</le></_></splits></_>
        <_>
          <depth>1</depth>
          <value>9.7722786910239431e-02</value></_>
        <_>
          <depth>1</depth>
          <value>-1.4181344354787365e-01</value></_></nodes></_>
    <_>
      <nodes>
        <_>
          <depth>0</depth>
          <value>1.3253988999847547e-09</value>
          <splits>
            <_><var>11</var>
              <quality>1.5018115751445293e-02</quality>
              <le>4.1321802139282227e-01</le></_></splits></_>
        <_>
          <depth>1</depth>
          <value>-1.3885522160713407e-01</value></_>
        <_>
          <depth>1</depth>
          <value>1.0928386121859927e-01</value></_></nodes></_>
    <_>
      <nodes>
        <_>
          <depth>0</depth>
          <value>-3.0331921510993762e-09</value>
          <splits>
            <_><var>9</var>
              <quality>1.4389367774128914e-02</quality>
              <le>9.6828448772430420e-01</le></_></splits></_>
        <_>
          <depth>1</depth>
          <value>-8.4242200452420812e-02</value></_>
        <_>
          <depth>1</depth>
          <value>1.7291641535069066e-01</value></_></nodes></_>
    <_>
      <nodes>
        <_>
          <depth>0</depth>
          <value>2.2511907842695830e-09</value>
          <splits>
            <_><var>3</var>
              <quality>1.3218872249126434e-02</quality>
              <le>4.2501249909400940e-01</le></_></splits></_>
        <_>
          <depth>1</depth>
          <value>-1.1117101834341561e+00</value></_>
        <_>
          <depth>1</depth>
          <value>1.6429253367084524e-02</value></_></nodes></_>
    <_>
      <nodes>
        <_>
          <depth>0</depth>
          <value>5.2712834069903696e-10</value>
          <splits>
            <_><var>4</var>
              <quality>1.2056866660714149e-02</quality>
              <le>1.7643249034881592e-01</le></_></splits></_>
        <_>
          <depth>1</depth>
          <value>2.0319084085869008e+00</value></_>
        <_>
          <depth>1</depth>
          <value>-1.2479112120582682e-02</value></_></nodes></_>
    <_>
      <nodes>
        <_>
          <depth>0</depth>
          <value>1.8276713475650213e-11</value>
          <splits>
            <_><var>10</var>
              <quality>1.3624167069792747e-02</quality>
              <le>2.0403399467468262e+00</le></_></splits></_>
        <_>
          <depth>1</depth>
          <value>-9.3618821692584883e-02</value></_>
        <_>
          <depth>1</depth>
          <value>1.4700282003295559e-01</value></_></nodes></_>
    <_>
      <nodes>
        <_>
          <depth>0</depth>
          <value>3.5592197951013636e-09</value>
          <splits>
            <_><var>11</var>
              <quality>1.8903499469161034e-02</quality>
              <le>1.0135600566864014e+00</le></_></splits></_>
        <_>
          <depth>1</depth>
          <value>7.2151264965739079e-02</value></_>
        <_>
          <depth>1</depth>
          <value>-2.6874069019645852e-01</value></_></nodes></_></trees></opencv_ml_boost>
</opencv_storage>
